,has_dep_diag,dep_score,dep_thoughts,secd_diag,talk_mob_week,talk_mob_wend,text_week,text_wend,tv_week,tv_wend,comp_week,comp_wend
count,4513.000000,4513.000000,4513.000000,4513.000000,4513.000000,4513.000000,4513.000000,4513.000000,4513.000000,4513.000000,4513.000000,4513.000000
mean,0.086195,0.437625,1.172834,0.363616,1.374031,1.292710,1.724130,1.644139,1.241968,1.206736,1.243962,1.256149
std,0.280684,0.928123,1.663862,1.304682,1.034708,1.027366,1.374117,1.362531,1.116226,1.079314,1.071098,1.097415
min,0.000000,0.000000,0.000000,0.000000,0.000000,0.000000,0.000000,0.000000,0.000000,0.000000,0.000000,0.000000
25%,0.000000,0.000000,0.000000,0.000000,0.000000,0.000000,0.000000,0.000000,0.000000,0.000000,0.000000,0.000000
50%,0.000000,0.000000,0.000000,0.000000,2.000000,2.000000,2.000000,2.000000,1.000000,1.000000,1.000000,1.000000
75%,0.000000,0.000000,2.000000,0.000000,2.000000,2.000000,3.000000,3.000000,2.000000,2.000000,2.000000,2.000000
max,1.000000,4.000000,6.000000,8.000000,3.000000,3.000000,4.000000,4.000000,4.000000,4.000000,4.000000,4.000000
